OuterFold,Label,SelectedCellN,SelectedStudyCoverage,MeanSoftTarget,SoftTargetFraction_ge_0_5,MeanSelectionScore
3,ACL,1274,0.292940905955392,0.3045699297106531,0.19858712715855573,0.6478554413429326
3,MCL,1202,0.2763853759484939,0.23776529940414065,0.03161397670549085,0.5392833739211839
3,Medial Meniscus,1695,0.3897447689123937,0.5552549149808578,0.5634218289085545,0.6196944601735158
3,Lateral Meniscus,2124,0.48838813520349506,0.31384283098121973,0.17796610169491525,0.572299830589298
3,Medial OA,0,0.0,,,
3,Lateral OA,0,0.0,,,
3,PF OA,0,0.0,,,
3,Effusion,987,0.22694872384456197,0.34825164579579376,0.23809523809523808,0.5561355258542624
3,Synovitis,0,0.0,,,
3,Baker's,838,0.19268797424695333,0.43282645947815046,0.3198090692124105,0.5609704560844182
3,Contusion,245,0.056334789606806164,0.4066004874801994,0.2897959183673469,0.5452181504537549
3,Fracture,522,0.1200275925500115,0.2845336279320137,0.12452107279693486,0.5751969511198415
