Label,Direction,Rank,Term,PositiveMeanTFIDF,NegativeMeanTFIDF,Delta
ACL,positive_association,1,ve,0.03461520855924153,0.007084412832165633,0.027530795727075896
ACL,positive_association,2,van,0.020395770046719414,0.0,0.020395770046719414
ACL,positive_association,3,met,0.01986234275439415,0.0,0.01986234275439415
ACL,positive_association,4,posterior horn of,0.023287765823266193,0.0034349991364611824,0.01985276668680501
ACL,positive_association,5,hafif,0.01750798729317416,0.0,0.01750798729317416
ACL,positive_association,6,kemik,0.01922452041262768,0.002103088887173065,0.017121431525454617
ACL,positive_association,7,izlenmiştir,0.020596053528528897,0.003560839019784028,0.01703521450874487
ACL,positive_association,8,lateral tibial,0.020984056598141003,0.004190888637246583,0.01679316796089442
ACL,positive_association,9,lateral tibial plateau,0.019973795625250677,0.0032822311496679478,0.01669156447558273
ACL,positive_association,10,posterior horn,0.02309447483331703,0.007102781160813256,0.015991693672503776
ACL,positive_association,11,tibial plateau,0.023545099717525726,0.00855349056937844,0.014991609148147286
ACL,positive_association,12,van de,0.014773079449266438,0.0,0.014773079449266438
ACL,positive_association,13,tear of,0.022638089088384376,0.008231833435127263,0.014406255653257113
ACL,positive_association,14,plateau,0.023545099717525726,0.009407448246360578,0.014137651471165148
ACL,positive_association,15,grade ii,0.016941639121194358,0.003026024220845292,0.013915614900349066
ACL,positive_association,16,het,0.013899537652384,0.0,0.013899537652384
ACL,positive_association,17,на,0.02182823965708495,0.00810963695872113,0.013718602698363822
ACL,positive_association,18,mid substance,0.015475584501675223,0.0020076014190713613,0.01346798308260386
ACL,positive_association,19,substance,0.015475584501675223,0.0020076014190713613,0.01346798308260386
ACL,positive_association,20,ve patellar,0.015456082313799396,0.001992527342873108,0.013463554970926288
ACL,positive_association,21,ligament is,0.01795977041045395,0.005202402320102047,0.012757368090351901
ACL,positive_association,22,ligament is intact,0.01795977041045395,0.005202402320102047,0.012757368090351901
ACL,positive_association,23,mid,0.016242136645696233,0.0035323113418107765,0.012709825303885456
ACL,positive_association,24,laterale,0.012527587844064752,0.0,0.012527587844064752
ACL,positive_association,25,voorkomen,0.012527587844064752,0.0,0.012527587844064752
ACL,positive_association,26,horn of,0.021283425375036007,0.008812179936232204,0.012471245438803803
ACL,positive_association,27,връзка,0.012457627840146047,0.0,0.012457627840146047
ACL,positive_association,28,posterior aspect,0.012438801979528628,0.0,0.012438801979528628
ACL,positive_association,29,is intact,0.019878414216137737,0.007449901678541423,0.012428512537596314
ACL,positive_association,30,is,0.03440908174406805,0.02198285414720156,0.012426227596866492
ACL,positive_association,31,the lateral tibial,0.014617261405835538,0.0022469326336704036,0.012370328772165134
ACL,positive_association,32,tibial,0.028717848059076036,0.01636770989214746,0.012350138166928575
ACL,positive_association,33,del lca rotura,0.012325678266822331,0.0,0.012325678266822331
ACL,positive_association,34,lca rotura,0.012325678266822331,0.0,0.012325678266822331
ACL,positive_association,35,intact,0.025956646654832327,0.013665270237744826,0.012291376417087501
ACL,positive_association,36,diz,0.015512747605800705,0.003251592375730974,0.012261155230069732
ACL,positive_association,37,mit,0.016770522462722624,0.004528702766137694,0.01224181969658493
ACL,positive_association,38,complete tear of,0.014274265283447845,0.002057843985763207,0.012216421297684637
ACL,positive_association,39,intact the,0.01720656266014006,0.005050062076093845,0.012156500584046215
ACL,positive_association,40,complete,0.01834561990078893,0.006300462842289797,0.012045157058499133
ACL,negative_association,1,with,0.00955750365623871,0.03417746953767378,-0.02461996588143507
ACL,negative_association,2,la,0.008546093902284474,0.03211382228129281,-0.023567728379008335
ACL,negative_association,3,de la,0.008025593316679644,0.030641676734768,-0.022616083418088358
ACL,negative_association,4,cyst,0.0,0.020627035090448706,-0.020627035090448706
ACL,negative_association,5,meniscus tear,0.0,0.019026832964072617,-0.019026832964072617
ACL,negative_association,6,oa,0.002439694924528604,0.020737403639346785,-0.01829770871481818
ACL,negative_association,7,baker's cyst,0.0,0.018253997591473003,-0.018253997591473003
ACL,negative_association,8,baker's,0.0,0.018253997591473003,-0.018253997591473003
ACL,negative_association,9,medial meniscus tear,0.0,0.01667874627265362,-0.01667874627265362
ACL,negative_association,10,technique,0.0,0.01576457000494448,-0.01576457000494448
ACL,negative_association,11,technique mri,0.0,0.01576457000494448,-0.01576457000494448
ACL,negative_association,12,technique mri of,0.0,0.01576457000494448,-0.01576457000494448
ACL,negative_association,13,acl normal,0.0,0.015338925897357544,-0.015338925897357544
ACL,negative_association,14,mcl normal,0.0,0.015338925897357544,-0.015338925897357544
ACL,negative_association,15,de,0.024219317915171613,0.039440976196473965,-0.015221658281302352
ACL,negative_association,16,condropatía,0.0017307753621521736,0.01675773051333214,-0.015026955151179966
ACL,negative_association,17,knee acl,0.0,0.014599410458221607,-0.014599410458221607
ACL,negative_association,18,normal mcl,0.0,0.014599410458221607,-0.014599410458221607
ACL,negative_association,19,the knee acl,0.0,0.014599410458221607,-0.014599410458221607
ACL,negative_association,20,normal mcl normal,0.0,0.014599410458221607,-0.014599410458221607
ACL,negative_association,21,acl normal mcl,0.0,0.014599410458221607,-0.014599410458221607
ACL,negative_association,22,mcl normal medial,0.0,0.014599410458221607,-0.014599410458221607
ACL,negative_association,23,knee acl normal,0.0,0.014599410458221607,-0.014599410458221607
ACL,negative_association,24,normal medial meniscus,0.0,0.014599410458221607,-0.014599410458221607
ACL,negative_association,25,of the knee,0.0,0.014599410458221607,-0.014599410458221607
ACL,negative_association,26,tear lateral,0.0,0.014270127334627028,-0.014270127334627028
ACL,negative_association,27,señal,0.0017307753621521736,0.015807030067708314,-0.014076254705556141
ACL,negative_association,28,oa of,0.0,0.0140257476692703,-0.0140257476692703
ACL,negative_association,29,tear lateral meniscus,0.0,0.013589522233067516,-0.013589522233067516
ACL,negative_association,30,meniscus tear lateral,0.0,0.013589522233067516,-0.013589522233067516
ACL,negative_association,31,con,0.004130139487068968,0.017674117780012037,-0.013543978292943069
ACL,negative_association,32,signos de,0.0,0.013321537272694278,-0.013321537272694278
ACL,negative_association,33,signos,0.0,0.013321537272694278,-0.013321537272694278
ACL,negative_association,34,the knee,0.0020301541732046387,0.01534972724074703,-0.013319573067542391
ACL,negative_association,35,mri of the,0.0018747376730101485,0.015187909308072657,-0.013313171635062508
ACL,negative_association,36,effusion with,0.0,0.013107916888698272,-0.013107916888698272
ACL,negative_association,37,mcl,0.008937254248724562,0.02200770996019697,-0.013070455711472409
ACL,negative_association,38,no baker's,0.0,0.012989787903818467,-0.012989787903818467
ACL,negative_association,39,no baker's cyst,0.0,0.012989787903818467,-0.012989787903818467
ACL,negative_association,40,rotuliana,0.0,0.01289248370330354,-0.01289248370330354
MCL,positive_association,1,del,0.04644269442373038,0.013681427269059502,0.03276126715467088
MCL,positive_association,2,aspect,0.03446071247524323,0.004525806743265031,0.029934905731978198
MCL,positive_association,3,rotura,0.0386889434030967,0.008870133915904592,0.029818809487192108
MCL,positive_association,4,parcial,0.032221838878622594,0.003994904534334225,0.02822693434428837
MCL,positive_association,5,parcial del,0.02674314263268161,0.0009374097504985912,0.02580573288218302
MCL,positive_association,6,del lca rotura,0.02674314263268161,0.0011250611165224795,0.02561808151615913
MCL,positive_association,7,lca rotura,0.02674314263268161,0.0011250611165224795,0.02561808151615913
MCL,positive_association,8,de,0.05422074184346459,0.029270819266388817,0.024949922577075775
MCL,positive_association,9,femorotibiales,0.028071719720333073,0.003258211505719872,0.0248135082146132
MCL,positive_association,10,anteromedial,0.023519939983733085,0.0,0.023519939983733085
MCL,positive_association,11,partial tear,0.027349457550963685,0.004322729092362049,0.023026728458601636
MCL,positive_association,12,injury,0.033063328304171635,0.010196401940099858,0.022866926364071775
MCL,positive_association,13,proximal,0.02991223366818406,0.007080786625266851,0.02283144704291721
MCL,positive_association,14,bony,0.022539917585524046,0.0,0.022539917585524046
MCL,positive_association,15,at the posterior,0.02566057462172972,0.0032425741839572685,0.02241800043777245
MCL,positive_association,16,menisco interno,0.02674314263268161,0.004401585330293543,0.022341557302388067
MCL,positive_association,17,interno,0.02674314263268161,0.004401585330293543,0.022341557302388067
MCL,positive_association,18,rotura del,0.02480957454675867,0.0025018454084208093,0.02230772913833786
MCL,positive_association,19,lca,0.02480957454675867,0.0026368011110393277,0.022172773435719342
MCL,positive_association,20,del lca,0.02480957454675867,0.0026368011110393277,0.022172773435719342
MCL,positive_association,21,στο,0.025817782134131016,0.0038415694600402142,0.021976212674090802
MCL,positive_association,22,meniscus no,0.021748108105661537,0.0,0.021748108105661537
MCL,positive_association,23,van,0.02660275845009953,0.005103543981027961,0.02149921446907157
MCL,positive_association,24,van de,0.024117523195500753,0.002806044857609954,0.0213114783378908
MCL,positive_association,25,aspect of,0.025031007279281686,0.00424382196265726,0.020787185316624424
MCL,positive_association,26,and posterolateral,0.019614566388006377,0.0,0.019614566388006377
MCL,positive_association,27,impaction,0.021383693238167516,0.00194306085600177,0.019440632382165746
MCL,positive_association,28,osteochondral impaction,0.021383693238167516,0.00194306085600177,0.019440632382165746
MCL,positive_association,29,of the medial,0.02764138192093045,0.008206890654647487,0.019434491266282963
MCL,positive_association,30,του,0.026988043353385293,0.007811214800170823,0.01917682855321447
MCL,positive_association,31,partial,0.026071434028543467,0.006903548487267547,0.01916788554127592
MCL,positive_association,32,met,0.024117523195500753,0.0052987452519582205,0.01881877794354253
MCL,positive_association,33,menisco,0.030373753176364905,0.011653899906502854,0.01871985326986205
MCL,positive_association,34,collateral ligament,0.02896670687800225,0.010575010835211566,0.018391696042790683
MCL,positive_association,35,derrame,0.02824566292119314,0.009860401811988167,0.01838526110920497
MCL,positive_association,36,ligament,0.04128036363834846,0.023006674068611704,0.018273689569736754
MCL,positive_association,37,sprain of,0.019139843461155298,0.0009495047276051724,0.018190338733550127
MCL,positive_association,38,medial meniscus no,0.01802859590247639,0.0,0.01802859590247639
MCL,positive_association,39,partial tear of,0.02220383258971281,0.004322729092362049,0.01788110349735076
MCL,positive_association,40,sprain,0.02481890039309216,0.007416290141756392,0.01740261025133577
MCL,negative_association,1,ve,0.0,0.02187010289215159,-0.02187010289215159
MCL,negative_association,2,на,0.0,0.016318477721766474,-0.016318477721766474
MCL,negative_association,3,oa,0.0,0.015584171467887287,-0.015584171467887287
MCL,negative_association,4,normal,0.019411711873926155,0.034871680173390235,-0.01545996829946408
MCL,negative_association,5,normal medial,0.0,0.01535456649419372,-0.01535456649419372
MCL,negative_association,6,suprapatellar,0.0,0.01331938550981367,-0.01331938550981367
MCL,negative_association,7,im,0.0,0.01327872413110537,-0.01327872413110537
MCL,negative_association,8,çapraz,0.0,0.013202507590435973,-0.013202507590435973
MCL,negative_association,9,meniscus tear,0.0,0.01320229226078508,-0.01320229226078508
MCL,negative_association,10,menisküs,0.0,0.012685510837029438,-0.012685510837029438
MCL,negative_association,11,izlenmiştir,0.0,0.0125586492113745,-0.0125586492113745
MCL,negative_association,12,condropatía,0.0,0.012475539717243772,-0.012475539717243772
MCL,negative_association,13,des,0.0,0.012422779413285054,-0.012422779413285054
MCL,negative_association,14,artışı,0.0,0.012124798688650667,-0.012124798688650667
MCL,negative_association,15,çok,0.0,0.011856013707214964,-0.011856013707214964
MCL,negative_association,16,medial meniscus tear,0.0,0.011573007617759654,-0.011573007617759654
MCL,negative_association,17,signala,0.0,0.01154195368967453,-0.01154195368967453
MCL,negative_association,18,mit,0.0,0.011356498635796419,-0.011356498635796419
MCL,negative_association,19,kemik,0.0,0.010875377797284664,-0.010875377797284664
MCL,negative_association,20,mevcuttur,0.0,0.010827336908465678,-0.010827336908465678
MCL,negative_association,21,мр,0.0,0.010742413707550011,-0.010742413707550011
MCL,negative_association,22,acl normal,0.0,0.01064333633694197,-0.01064333633694197
MCL,negative_association,23,mcl normal,0.0,0.01064333633694197,-0.01064333633694197
MCL,negative_association,24,за,0.0,0.010420354070281397,-0.010420354070281397
MCL,negative_association,25,promjene,0.0,0.010339749058352783,-0.010339749058352783
MCL,negative_association,26,kollateral,0.0,0.0103107427455556,-0.0103107427455556
MCL,negative_association,27,ile,0.0,0.010238674474423105,-0.010238674474423105
MCL,negative_association,28,данни за,0.0,0.010191724631659797,-0.010191724631659797
MCL,negative_association,29,данни,0.0,0.010191724631659797,-0.010191724631659797
MCL,negative_association,30,knee acl,0.0,0.010130203175092542,-0.010130203175092542
MCL,negative_association,31,acl normal mcl,0.0,0.010130203175092542,-0.010130203175092542
MCL,negative_association,32,the knee acl,0.0,0.010130203175092542,-0.010130203175092542
MCL,negative_association,33,normal mcl,0.0,0.010130203175092542,-0.010130203175092542
MCL,negative_association,34,of the knee,0.0,0.010130203175092542,-0.010130203175092542
MCL,negative_association,35,normal medial meniscus,0.0,0.010130203175092542,-0.010130203175092542
MCL,negative_association,36,normal mcl normal,0.0,0.010130203175092542,-0.010130203175092542
MCL,negative_association,37,knee acl normal,0.0,0.010130203175092542,-0.010130203175092542
MCL,negative_association,38,mcl normal medial,0.0,0.010130203175092542,-0.010130203175092542
MCL,negative_association,39,normaldir,0.0,0.010060148348893409,-0.010060148348893409
MCL,negative_association,40,diz,0.0,0.009854287414572857,-0.009854287414572857
Medial Meniscus,positive_association,1,im,0.025025287785544737,0.0,0.025025287785544737
Medial Meniscus,positive_association,2,izlenmiştir,0.02366822351374425,0.0,0.02366822351374425
Medial Meniscus,positive_association,3,des,0.023412161201960296,0.0,0.023412161201960296
Medial Meniscus,positive_association,4,çok,0.022344025832828202,0.0,0.022344025832828202
Medial Meniscus,positive_association,5,mit,0.021402632044385562,0.0,0.021402632044385562
Medial Meniscus,positive_association,6,mevcuttur,0.020405365712108395,0.0,0.020405365712108395
Medial Meniscus,positive_association,7,cm,0.019932964766881986,0.0,0.019932964766881986
Medial Meniscus,positive_association,8,kollateral,0.019431784405085556,0.0,0.019431784405085556
Medial Meniscus,positive_association,9,normaldir,0.01895951034983758,0.0,0.01895951034983758
Medial Meniscus,positive_association,10,ve,0.027881424865232783,0.010834937350605497,0.017046487514627284
Medial Meniscus,positive_association,11,der,0.016906014688093354,0.0,0.016906014688093354
Medial Meniscus,positive_association,12,meniscus tear,0.020438941311299808,0.0036093702088960643,0.016829571102403743
Medial Meniscus,positive_association,13,medial kollateral,0.01669890257713934,0.0,0.01669890257713934
Medial Meniscus,positive_association,14,vkb,0.016514318748495013,0.0,0.016514318748495013
Medial Meniscus,positive_association,15,pars,0.016514318748495013,0.0,0.016514318748495013
Medial Meniscus,positive_association,16,innenmeniskus,0.016514318748495013,0.0,0.016514318748495013
Medial Meniscus,positive_association,17,intermedia,0.016514318748495013,0.0,0.016514318748495013
Medial Meniscus,positive_association,18,pars intermedia,0.016514318748495013,0.0,0.016514318748495013
Medial Meniscus,positive_association,19,dejenerasyon,0.01582589192858858,0.0,0.01582589192858858
Medial Meniscus,positive_association,20,an,0.015578434839041443,0.0,0.015578434839041443
Medial Meniscus,positive_association,21,the medial,0.02574313318885558,0.01044421641004352,0.01529891677881206
Medial Meniscus,positive_association,22,artışı,0.01852015166562923,0.003518474763672584,0.015001676901956647
Medial Meniscus,positive_association,23,complete,0.01953125706721824,0.00458431032840979,0.014946946738808451
Medial Meniscus,positive_association,24,sinyal,0.014937475611663592,0.0,0.014937475611663592
Medial Meniscus,positive_association,25,die,0.014409720305449932,0.0,0.014409720305449932
Medial Meniscus,positive_association,26,sıvı artışı,0.014183158155390656,0.0,0.014183158155390656
Medial Meniscus,positive_association,27,çapraz bağ,0.014183158155390656,0.0,0.014183158155390656
Medial Meniscus,positive_association,28,bağ,0.014183158155390656,0.0,0.014183158155390656
Medial Meniscus,positive_association,29,görünüm,0.014061298634373838,0.0,0.014061298634373838
Medial Meniscus,positive_association,30,grade,0.02668009628638013,0.01283800424599845,0.013842092040381677
Medial Meniscus,positive_association,31,medial meniscus tear,0.0173683664071365,0.0036093702088960643,0.013758996198240437
Medial Meniscus,positive_association,32,devamsızlık,0.013664349968587487,0.0,0.013664349968587487
Medial Meniscus,positive_association,33,ligaman,0.013332228246582718,0.0,0.013332228246582718
Medial Meniscus,positive_association,34,kollateral ligaman,0.013332228246582718,0.0,0.013332228246582718
Medial Meniscus,positive_association,35,sekanslı bulgular,0.013196741600124065,0.0,0.013196741600124065
Medial Meniscus,positive_association,36,sekanslı,0.013196741600124065,0.0,0.013196741600124065
Medial Meniscus,positive_association,37,tetkik protokolü,0.013196741600124065,0.0,0.013196741600124065
Medial Meniscus,positive_association,38,protokolü çok düzlemli,0.013196741600124065,0.0,0.013196741600124065
Medial Meniscus,positive_association,39,protokolü çok,0.013196741600124065,0.0,0.013196741600124065
Medial Meniscus,positive_association,40,di,0.013196741600124065,0.0,0.013196741600124065
Medial Meniscus,negative_association,1,de,0.004706544517745857,0.056246458224463794,-0.05153991370671794
Medial Meniscus,negative_association,2,la,0.0,0.04053050660058697,-0.04053050660058697
Medial Meniscus,negative_association,3,de la,0.0,0.03857597651820073,-0.03857597651820073
Medial Meniscus,negative_association,4,del,0.0,0.03401169331242153,-0.03401169331242153
Medial Meniscus,negative_association,5,menisco,0.0,0.02638765231268513,-0.02638765231268513
Medial Meniscus,negative_association,6,rotura,0.0,0.024463657890849855,-0.024463657890849855
Medial Meniscus,negative_association,7,derrame,0.0,0.023042832971192452,-0.023042832971192452
Medial Meniscus,negative_association,8,con,0.0,0.021876354756564513,-0.021876354756564513
Medial Meniscus,negative_association,9,articular,0.0032869476632344068,0.023536215920433715,-0.020249268257199308
Medial Meniscus,negative_association,10,sin,0.0,0.019275423906597304,-0.019275423906597304
Medial Meniscus,negative_association,11,condropatía,0.0,0.019103170192029527,-0.019103170192029527
Medial Meniscus,negative_association,12,señal,0.0,0.018093050968554212,-0.018093050968554212
Medial Meniscus,negative_association,13,impresión,0.0,0.017016914667708223,-0.017016914667708223
Medial Meniscus,negative_association,14,de señal,0.0,0.016859883051368197,-0.016859883051368197
Medial Meniscus,negative_association,15,iliotibial,0.0,0.016056313179729043,-0.016056313179729043
Medial Meniscus,negative_association,16,noted,0.0,0.01523781580954205,-0.01523781580954205
Medial Meniscus,negative_association,17,parcial,0.0,0.015179589752811886,-0.015179589752811886
Medial Meniscus,negative_association,18,cuerno,0.0,0.015012436918918078,-0.015012436918918078
Medial Meniscus,negative_association,19,leve,0.0,0.014981296348223722,-0.014981296348223722
Medial Meniscus,negative_association,20,banda,0.0,0.014647430064174764,-0.014647430064174764
Medial Meniscus,negative_association,21,banda iliotibial,0.0,0.014647430064174764,-0.014647430064174764
Medial Meniscus,negative_association,22,rodilla,0.0,0.014561922741077595,-0.014561922741077595
Medial Meniscus,negative_association,23,femoral,0.009755288250202653,0.02412145343454431,-0.014366165184341658
Medial Meniscus,negative_association,24,interno,0.0,0.01426143640245369,-0.01426143640245369
Medial Meniscus,negative_association,25,menisco interno,0.0,0.01426143640245369,-0.01426143640245369
Medial Meniscus,negative_association,26,signos de,0.0,0.01415413335223767,-0.01415413335223767
Medial Meniscus,negative_association,27,signos,0.0,0.01415413335223767,-0.01415413335223767
Medial Meniscus,negative_association,28,and,0.02290482275990597,0.03694672355864445,-0.014041900798738481
Medial Meniscus,negative_association,29,del menisco,0.0,0.014041721336222047,-0.014041721336222047
Medial Meniscus,negative_association,30,no evidence of,0.0,0.013959644053722856,-0.013959644053722856
Medial Meniscus,negative_association,31,no evidence,0.0,0.013959644053722856,-0.013959644053722856
Medial Meniscus,negative_association,32,articular cartilage,0.0,0.01395087895543049,-0.01395087895543049
Medial Meniscus,negative_association,33,derrame articular,0.0,0.013828862593015603,-0.013828862593015603
Medial Meniscus,negative_association,34,rotuliana,0.0,0.013698263934760013,-0.013698263934760013
Medial Meniscus,negative_association,35,el,0.0,0.013423173765279125,-0.013423173765279125
Medial Meniscus,negative_association,36,hoffa,0.0,0.013308421516164074,-0.013308421516164074
Medial Meniscus,negative_association,37,la rodilla,0.0,0.012978871045852148,-0.012978871045852148
Medial Meniscus,negative_association,38,la rodilla resultados,0.0,0.012978871045852148,-0.012978871045852148
Medial Meniscus,negative_association,39,técnica rmn,0.0,0.012978871045852148,-0.012978871045852148
Medial Meniscus,negative_association,40,de la rodilla,0.0,0.012978871045852148,-0.012978871045852148
Lateral Meniscus,positive_association,1,del,0.03416385117965973,0.008645874539009009,0.025517976640650718
Lateral Meniscus,positive_association,2,rotura,0.028546559204930825,0.0036076054512510407,0.024938953753679785
Lateral Meniscus,positive_association,3,van,0.021282542657446342,0.0,0.021282542657446342
Lateral Meniscus,positive_association,4,met,0.02072592287415042,0.0,0.02072592287415042
Lateral Meniscus,positive_association,5,anterior horn,0.018327414093087694,0.0010062657922441027,0.01732114830084359
Lateral Meniscus,positive_association,6,van de,0.01541538725140846,0.0,0.01541538725140846
Lateral Meniscus,positive_association,7,del lca,0.015325627189641526,0.0,0.015325627189641526
Lateral Meniscus,positive_association,8,lca,0.015325627189641526,0.0,0.015325627189641526
Lateral Meniscus,positive_association,9,subchondral,0.02033616421143163,0.005156358193149503,0.015179806018282126
Lateral Meniscus,positive_association,10,rotura del,0.015038112866671638,0.0,0.015038112866671638
Lateral Meniscus,positive_association,11,condyl,0.014890283279002716,0.0,0.014890283279002716
Lateral Meniscus,positive_association,12,present,0.01780114516435054,0.0031869630595750785,0.014614182104775462
Lateral Meniscus,positive_association,13,parcial,0.017152590987239636,0.002606779410956249,0.014545811576283388
Lateral Meniscus,positive_association,14,het,0.014503865376400697,0.0,0.014503865376400697
Lateral Meniscus,positive_association,15,cuerno,0.01692003052269173,0.002606779410956249,0.014313251111735481
Lateral Meniscus,positive_association,16,subchondral bone,0.014126533239211245,0.0,0.014126533239211245
Lateral Meniscus,positive_association,17,fracture,0.02101240974157545,0.007532092538951984,0.013480317202623465
Lateral Meniscus,positive_association,18,de,0.04125173802757181,0.027813338457430916,0.013438399570140893
Lateral Meniscus,positive_association,19,del cuerno,0.014809453597404794,0.0015396059131103734,0.013269847684294421
Lateral Meniscus,positive_association,20,surface,0.014712956637653448,0.0015274621183008442,0.013185494519352605
Lateral Meniscus,positive_association,21,laterale,0.013072265576415394,0.0,0.013072265576415394
Lateral Meniscus,positive_association,22,voorkomen,0.013072265576415394,0.0,0.013072265576415394
Lateral Meniscus,positive_association,23,anterior horn of,0.013063777871133959,0.0,0.013063777871133959
Lateral Meniscus,positive_association,24,anterior,0.02581088902773038,0.012797324207045624,0.013013564820684756
Lateral Meniscus,positive_association,25,ile uyumlu,0.012981904277319156,0.0,0.012981904277319156
Lateral Meniscus,positive_association,26,uyumlu,0.012981904277319156,0.0,0.012981904277319156
Lateral Meniscus,positive_association,27,lca rotura,0.012861577321901565,0.0,0.012861577321901565
Lateral Meniscus,positive_association,28,del lca rotura,0.012861577321901565,0.0,0.012861577321901565
Lateral Meniscus,positive_association,29,lateral con,0.01257772987472489,0.0,0.01257772987472489
Lateral Meniscus,positive_association,30,parcial del,0.012461798324720238,0.0,0.012461798324720238
Lateral Meniscus,positive_association,31,all,0.012283491963127958,0.0,0.012283491963127958
Lateral Meniscus,positive_association,32,large,0.012257935804188679,0.0,0.012257935804188679
Lateral Meniscus,positive_association,33,total de,0.011814586532700259,0.0,0.011814586532700259
Lateral Meniscus,positive_association,34,espesor,0.013234132323087504,0.0014258459526691907,0.011808286370418314
Lateral Meniscus,positive_association,35,menisco lateral con,0.011794760173432341,0.0,0.011794760173432341
Lateral Meniscus,positive_association,36,del compartimento,0.011730619204453228,0.0,0.011730619204453228
Lateral Meniscus,positive_association,37,compartimento femorotibial,0.011730619204453228,0.0,0.011730619204453228
Lateral Meniscus,positive_association,38,del compartimento femorotibial,0.011730619204453228,0.0,0.011730619204453228
Lateral Meniscus,positive_association,39,compartimento,0.011730619204453228,0.0,0.011730619204453228
Lateral Meniscus,positive_association,40,menisco,0.0216234516866504,0.009916156720370427,0.011707294966279974
Lateral Meniscus,negative_association,1,на,0.0,0.022845868810473065,-0.022845868810473065
Lateral Meniscus,negative_association,2,des,0.0,0.017391891178599076,-0.017391891178599076
Lateral Meniscus,negative_association,3,mit,0.0,0.01589909809011499,-0.01589909809011499
Lateral Meniscus,negative_association,4,мр,0.0,0.015039379190570013,-0.015039379190570013
Lateral Meniscus,negative_association,5,за,0.0,0.014588495698393957,-0.014588495698393957
Lateral Meniscus,negative_association,6,normal,0.023699948151815146,0.03823768365342025,-0.014537735501605104
Lateral Meniscus,negative_association,7,данни,0.0,0.014268414484323717,-0.014268414484323717
Lateral Meniscus,negative_association,8,данни за,0.0,0.014268414484323717,-0.014268414484323717
Lateral Meniscus,negative_association,9,мр данни за,0.0,0.013328354029965317,-0.013328354029965317
Lateral Meniscus,negative_association,10,мр данни,0.0,0.013328354029965317,-0.013328354029965317
Lateral Meniscus,negative_association,11,no evidence of,0.0,0.012763103134832324,-0.012763103134832324
Lateral Meniscus,negative_association,12,no evidence,0.0,0.012763103134832324,-0.012763103134832324
Lateral Meniscus,negative_association,13,mcl,0.008941453056739872,0.02163150915174484,-0.012690056095004967
Lateral Meniscus,negative_association,14,no baker's,0.0,0.012618651106566512,-0.012618651106566512
Lateral Meniscus,negative_association,15,no baker's cyst,0.0,0.012618651106566512,-0.012618651106566512
Lateral Meniscus,negative_association,16,der,0.0,0.01255875376829792,-0.01255875376829792
Lateral Meniscus,negative_association,17,im,0.0037370589836851504,0.016134432165697276,-0.012397373182012126
Lateral Meniscus,negative_association,18,pars,0.0,0.012267779641739151,-0.012267779641739151
Lateral Meniscus,negative_association,19,intermedia,0.0,0.012267779641739151,-0.012267779641739151
Lateral Meniscus,negative_association,20,innenmeniskus,0.0,0.012267779641739151,-0.012267779641739151
Lateral Meniscus,negative_association,21,vkb,0.0,0.012267779641739151,-0.012267779641739151
Lateral Meniscus,negative_association,22,pars intermedia,0.0,0.012267779641739151,-0.012267779641739151
Lateral Meniscus,negative_association,23,rupture,0.004830616582935802,0.017069574557708425,-0.012238957974772622
Lateral Meniscus,negative_association,24,едем,0.0,0.01197104400348388,-0.01197104400348388
Lateral Meniscus,negative_association,25,се,0.0,0.011927781978825092,-0.011927781978825092
Lateral Meniscus,negative_association,26,lateral meniscus normal,0.0,0.011804012050175132,-0.011804012050175132
Lateral Meniscus,negative_association,27,knee,0.015240990197664991,0.02695457440561435,-0.011713584207949358
Lateral Meniscus,negative_association,28,an,0.0,0.011572551594716499,-0.011572551594716499
Lateral Meniscus,negative_association,29,sin signos,0.0,0.011357213459451568,-0.011357213459451568
Lateral Meniscus,negative_association,30,sin signos de,0.0,0.011357213459451568,-0.011357213459451568
Lateral Meniscus,negative_association,31,lcl,0.0023077719360819846,0.013599928799972174,-0.01129215686389019
Lateral Meniscus,negative_association,32,acl,0.01149479965573011,0.022390459483123827,-0.010895659827393716
Lateral Meniscus,negative_association,33,de hoffa,0.0,0.010889789654872452,-0.010889789654872452
Lateral Meniscus,negative_association,34,grasa de hoffa,0.0,0.010889789654872452,-0.010889789654872452
Lateral Meniscus,negative_association,35,grasa,0.0,0.010889789654872452,-0.010889789654872452
Lateral Meniscus,negative_association,36,grasa de,0.0,0.010889789654872452,-0.010889789654872452
Lateral Meniscus,negative_association,37,fs,0.00360511546996596,0.014357783216608052,-0.010752667746642092
Lateral Meniscus,negative_association,38,normal medial,0.00648957345523001,0.01723181624986292,-0.010742242794632909
Lateral Meniscus,negative_association,39,излив,0.0,0.010319154589629198,-0.010319154589629198
Lateral Meniscus,negative_association,40,фрактура,0.0,0.010319154589629198,-0.010319154589629198
Medial OA,positive_association,1,oa,0.03688158578827479,0.00489303756051989,0.0319885482277549
Medial OA,positive_association,2,oa of,0.03179169471701268,0.0,0.03179169471701268
Medial OA,positive_association,3,signala,0.02898771153978967,0.003040466458074581,0.02594724508171509
Medial OA,positive_association,4,se,0.02414351581087205,0.0012071545147127715,0.02293636129615928
Medial OA,positive_association,5,te,0.02399071634706077,0.0012741372177771423,0.02271657912928363
Medial OA,positive_association,6,promjene,0.024245471967047613,0.0033247819617109793,0.020920690005336633
Medial OA,positive_association,7,present,0.024396575607674727,0.0036051491104667297,0.020791426497208
Medial OA,positive_association,8,uz,0.023065437538099597,0.002296106387507857,0.02076933115059174
Medial OA,positive_association,9,medijalnog,0.022814122829031763,0.0021573018379258614,0.0206568209911059
Medial OA,positive_association,10,compartment,0.030879983675444457,0.010585907717484052,0.020294075957960407
Medial OA,positive_association,11,lateralni,0.022237923969449635,0.0021573018379258614,0.020080622131523774
Medial OA,positive_association,12,effusion with synovitis,0.021007552674197485,0.0010819937593640337,0.01992555891483345
Medial OA,positive_association,13,του,0.02551663501389136,0.0056486602367550615,0.019867974777136296
Medial OA,positive_association,14,baker's,0.025153889013913196,0.005658780997706607,0.01949510801620659
Medial OA,positive_association,15,baker's cyst,0.025153889013913196,0.005658780997706607,0.01949510801620659
Medial OA,positive_association,16,with synovitis,0.021007552674197485,0.00183197468305067,0.019175577991146817
Medial OA,positive_association,17,su,0.020371067222531042,0.0013227034853609142,0.01904836373717013
Medial OA,positive_association,18,degenerativno,0.01849256396601649,0.0,0.01849256396601649
Medial OA,positive_association,19,cyst,0.025740945949786213,0.007330348926243322,0.01841059702354289
Medial OA,positive_association,20,και,0.02314148719846733,0.004786526380431649,0.018354960818035684
Medial OA,positive_association,21,παρατηρείται,0.019812476472741286,0.0018343131896810475,0.01797816328306024
Medial OA,positive_association,22,hrskavice,0.019241505608528633,0.0012741372177771423,0.01796736839075149
Medial OA,positive_association,23,medial compartment,0.023461080424310263,0.005959107318864524,0.01750197310544574
Medial OA,positive_association,24,meniska,0.018849527106318258,0.001356117420783529,0.017493409685534728
Medial OA,positive_association,25,three,0.018324849307568582,0.0009274852780895327,0.01739736402947905
Medial OA,positive_association,26,zgloba,0.017168358541239805,0.0,0.017168358541239805
Medial OA,positive_association,27,ruptura,0.017168358541239805,0.0,0.017168358541239805
Medial OA,positive_association,28,promijenjen,0.017115986244541997,0.0,0.017115986244541997
Medial OA,positive_association,29,križni ligament,0.019241505608528633,0.0021573018379258614,0.017084203770602772
Medial OA,positive_association,30,križni,0.019241505608528633,0.0021573018379258614,0.017084203770602772
Medial OA,positive_association,31,femura,0.019126912852243893,0.0021573018379258614,0.016969611014318032
Medial OA,positive_association,32,hondromalacija,0.016826795469263384,0.0,0.016826795469263384
Medial OA,positive_association,33,dijela,0.016349645786315287,0.0,0.016349645786315287
Medial OA,positive_association,34,condyl,0.018023232118664613,0.0016773961310951931,0.016345835987569418
Medial OA,positive_association,35,promjena,0.016263665478956926,0.0,0.016263665478956926
Medial OA,positive_association,36,effusion with,0.01973760111505961,0.003479189709066211,0.0162584114059934
Medial OA,positive_association,37,έσω,0.020374212357066483,0.004377211221063724,0.015997001136002758
Medial OA,positive_association,38,έξω,0.01582919954590219,0.0,0.01582919954590219
Medial OA,positive_association,39,baker,0.01720878096553236,0.0018437408954285232,0.015365040070103836
Medial OA,positive_association,40,cista,0.016566002100225633,0.0012741372177771423,0.015291864882448492
Medial OA,negative_association,1,de,0.01623712651771725,0.039039533090197094,-0.022802406572479846
Medial OA,negative_association,2,la,0.007007374213786616,0.027717804604929855,-0.020710430391143238
Medial OA,negative_association,3,de la,0.006810818981016845,0.02633183636900397,-0.019521017387987127
Medial OA,negative_association,4,на,0.0,0.01859547461317575,-0.01859547461317575
Medial OA,negative_association,5,injury,0.0,0.018539387204707856,-0.018539387204707856
Medial OA,negative_association,6,contusion,0.0,0.015488539055586378,-0.015488539055586378
Medial OA,negative_association,7,im,0.0,0.015131569358701469,-0.015131569358701469
Medial OA,negative_association,8,to,0.0017740383200854388,0.016870061857481508,-0.015096023537396069
Medial OA,negative_association,9,sin,0.0,0.014344501511886366,-0.014344501511886366
Medial OA,negative_association,10,des,0.0,0.01415619049420855,-0.01415619049420855
Medial OA,negative_association,11,and,0.020164545748034078,0.034310519986364335,-0.014145974238330257
Medial OA,negative_association,12,del,0.008555780683995824,0.022326452924129107,-0.013770672240133282
Medial OA,negative_association,13,sprain,0.0,0.01364577489497425,-0.01364577489497425
Medial OA,negative_association,14,fs,0.0,0.013614885311406952,-0.013614885311406952
Medial OA,negative_association,15,tear of,0.004255591308391938,0.01765959547185286,-0.01340400416346092
Medial OA,negative_association,16,bone contusion,0.0,0.013376813773149865,-0.013376813773149865
Medial OA,negative_association,17,bone,0.008446624843982283,0.021415243389162227,-0.012968618545179944
Medial OA,negative_association,18,mit,0.0,0.012941126352419176,-0.012941126352419176
Medial OA,negative_association,19,ve,0.009033499293731945,0.021770524472312765,-0.01273702517858082
Medial OA,negative_association,20,menisco,0.005289714065093215,0.017792073558826185,-0.01250235949373297
Medial OA,negative_association,21,мр,0.0,0.012241355155115128,-0.012241355155115128
Medial OA,negative_association,22,derrame,0.003753210249835933,0.01583889537978185,-0.012085685129945917
Medial OA,negative_association,23,intensity,0.0,0.011898321676831781,-0.011898321676831781
Medial OA,negative_association,24,за,0.0,0.011874356963809032,-0.011874356963809032
Medial OA,negative_association,25,the,0.030131460319369356,0.04198601818539151,-0.011854557866022152
Medial OA,negative_association,26,lateral,0.02750326486051864,0.03926128348246957,-0.011758018621950934
Medial OA,negative_association,27,proximal,0.0019953045485133006,0.0136334669633496,-0.0116381624148363
Medial OA,negative_association,28,данни за,0.0,0.011613825743054185,-0.011613825743054185
Medial OA,negative_association,29,данни,0.0,0.011613825743054185,-0.011613825743054185
Medial OA,negative_association,30,articular,0.005972173193971626,0.017419463971823236,-0.01144729077785161
Medial OA,negative_association,31,osteochondral,0.0,0.011340870199104723,-0.011340870199104723
Medial OA,negative_association,32,noted,0.0,0.011339769904775482,-0.011339769904775482
Medial OA,negative_association,33,diz,0.0,0.011229304263117908,-0.011229304263117908
Medial OA,negative_association,34,мр данни,0.0,0.010848660256948514,-0.010848660256948514
Medial OA,negative_association,35,мр данни за,0.0,0.010848660256948514,-0.010848660256948514
Medial OA,negative_association,36,rodilla,0.0,0.010836779714290303,-0.010836779714290303
Medial OA,negative_association,37,is,0.01911621303003126,0.029918414125860868,-0.010802201095829609
Medial OA,negative_association,38,rotura,0.005506023406891558,0.01628480700939121,-0.010778783602499651
Medial OA,negative_association,39,partial tear,0.0,0.010650205662428223,-0.010650205662428223
Medial OA,negative_association,40,menisco interno,0.0,0.010613161973919025,-0.010613161973919025
Lateral OA,positive_association,1,meniscus tear,0.035486111323722105,0.005458831834415443,0.03002727948930666
Lateral OA,positive_association,2,cyst,0.03461245104576562,0.006820898544081577,0.027791552501684046
Lateral OA,positive_association,3,rupture,0.03364857339858304,0.007200106032827763,0.02644846736575528
Lateral OA,positive_association,4,at the,0.03641721460082553,0.011296000543363506,0.025121214057462024
Lateral OA,positive_association,5,meniscus tear lateral,0.028228388822972475,0.0032240740185446467,0.02500431480442783
Lateral OA,positive_association,6,tear lateral meniscus,0.028228388822972475,0.0032240740185446467,0.02500431480442783
Lateral OA,positive_association,7,condyl,0.024577134707269927,0.0015346390135551767,0.023042495693714752
Lateral OA,positive_association,8,cuerno,0.026811872405357668,0.0039461145733286,0.022865757832029068
Lateral OA,positive_association,9,present,0.027505484801618046,0.0046470151712211015,0.022858469630396946
Lateral OA,positive_association,10,medial meniscus tear,0.028228388822972475,0.005458831834415443,0.02276955698855703
Lateral OA,positive_association,11,del,0.036288798987042487,0.014663774407234506,0.02162502457980798
Lateral OA,positive_association,12,espesor,0.023589444840139313,0.002017143798572379,0.021572301041566933
Lateral OA,positive_association,13,with,0.041246727050642085,0.019951064988799457,0.021295662061842628
Lateral OA,positive_association,14,tear lateral,0.025127637539698093,0.004442134392354041,0.02068550314734405
Lateral OA,positive_association,15,total,0.022191278660019985,0.002017143798572379,0.020174134861447604
Lateral OA,positive_association,16,baker's,0.026831401182356895,0.00692532989583311,0.019906071286523785
Lateral OA,positive_association,17,baker's cyst,0.026831401182356895,0.00692532989583311,0.019906071286523785
Lateral OA,positive_association,18,tear,0.04486389725175076,0.025323876987492815,0.019540020264257944
Lateral OA,positive_association,19,total de,0.020394805529517026,0.0010083538176046533,0.019386451711912372
Lateral OA,positive_association,20,del cuerno,0.022398847925212254,0.0031514109047199685,0.019247437020492284
Lateral OA,positive_association,21,met,0.023603501576904804,0.004618249122542697,0.018985252454362108
Lateral OA,positive_association,22,cuerpo,0.022398847925212254,0.003415321335336802,0.01898352658987545
Lateral OA,positive_association,23,cuerno posterior,0.022398847925212254,0.0035587560687379933,0.01884009185647426
Lateral OA,positive_association,24,platillo tibial lateral,0.018728298806509093,0.0,0.018728298806509093
Lateral OA,positive_association,25,platillo tibial,0.018728298806509093,0.0,0.018728298806509093
Lateral OA,positive_association,26,platillo,0.018728298806509093,0.0,0.018728298806509093
Lateral OA,positive_association,27,femoral,0.03256271458603843,0.014198598807750302,0.01836411577828813
Lateral OA,positive_association,28,medial retinaculum,0.019163576213430393,0.0009012743134867694,0.018262301899943625
Lateral OA,positive_association,29,attachment,0.019163576213430393,0.0013726636409332649,0.01779091257249713
Lateral OA,positive_association,30,femoral attachment,0.019163576213430393,0.0013726636409332649,0.01779091257249713
Lateral OA,positive_association,31,van,0.022733968642760918,0.005094145235125442,0.017639823407635476
Lateral OA,positive_association,32,ligament tear,0.019163576213430393,0.0015384962682295949,0.017625079945200798
Lateral OA,positive_association,33,large,0.019110090049559283,0.001525990062791224,0.01758409998676806
Lateral OA,positive_association,34,all,0.019110090049559283,0.0015384962682295949,0.01757159378132969
Lateral OA,positive_association,35,edema,0.03172523736585768,0.014252377377078039,0.017472859988779642
Lateral OA,positive_association,36,of femoral,0.019163576213430393,0.0017033155591769835,0.01746026065425341
Lateral OA,positive_association,37,subchondral bone marrow,0.017366074291018968,0.0,0.017366074291018968
Lateral OA,positive_association,38,de espesor,0.019322629641567907,0.002017143798572379,0.01730548584299553
Lateral OA,positive_association,39,lateral con,0.019004099111301475,0.001707291423284176,0.0172968076880173
Lateral OA,positive_association,40,subchondral,0.02497215131759279,0.007947035087864667,0.017025116229728125
Lateral OA,negative_association,1,ve,0.0,0.022800745568413362,-0.022800745568413362
Lateral OA,negative_association,2,на,0.0,0.017012881029075687,-0.017012881029075687
Lateral OA,negative_association,3,grade,0.007217824803702883,0.021810692903768126,-0.014592868100065243
Lateral OA,negative_association,4,contusion,0.0,0.014170365518940726,-0.014170365518940726
Lateral OA,negative_association,5,im,0.0,0.013843776221790704,-0.013843776221790704
Lateral OA,negative_association,6,çapraz,0.0,0.013764316424071547,-0.013764316424071547
Lateral OA,negative_association,7,του,0.0,0.013311530114656127,-0.013311530114656127
Lateral OA,negative_association,8,menisküs,0.0,0.013225319808817923,-0.013225319808817923
Lateral OA,negative_association,9,izlenmiştir,0.0,0.01309305981611384,-0.01309305981611384
Lateral OA,negative_association,10,des,0.0,0.012951408324488673,-0.012951408324488673
Lateral OA,negative_association,11,ii,0.0,0.012796442848627292,-0.012796442848627292
Lateral OA,negative_association,12,artışı,0.0,0.01264074756901878,-0.01264074756901878
Lateral OA,negative_association,13,injury,0.00364386507148907,0.016108747532256554,-0.012464882460767485
Lateral OA,negative_association,14,fs,0.0,0.012456171667882956,-0.012456171667882956
Lateral OA,negative_association,15,çok,0.0,0.012360524928798581,-0.012360524928798581
Lateral OA,negative_association,16,bone contusion,0.0,0.01223836153713711,-0.01223836153713711
Lateral OA,negative_association,17,mit,0.0,0.01183975389689414,-0.01183975389689414
Lateral OA,negative_association,18,και,0.0,0.011764743453948318,-0.011764743453948318
Lateral OA,negative_association,19,kemik,0.0,0.011338159831211673,-0.011338159831211673
Lateral OA,negative_association,20,mevcuttur,0.0,0.011288074649251452,-0.011288074649251452
Lateral OA,negative_association,21,мр,0.0,0.01119953769510533,-0.01119953769510533
Lateral OA,negative_association,22,за,0.0,0.010863773392421032,-0.010863773392421032
Lateral OA,negative_association,23,grade ii,0.0,0.010840088562072435,-0.010840088562072435
Lateral OA,negative_association,24,kollateral,0.0,0.010749497756004775,-0.010749497756004775
Lateral OA,negative_association,25,ile,0.0,0.010674362749930473,-0.010674362749930473
Lateral OA,negative_association,26,данни,0.0,0.01062541504151766,-0.01062541504151766
Lateral OA,negative_association,27,данни за,0.0,0.01062541504151766,-0.01062541504151766
Lateral OA,negative_association,28,έσω,0.0,0.010507090805568883,-0.010507090805568883
Lateral OA,negative_association,29,normaldir,0.0,0.010488239767995258,-0.010488239767995258
Lateral OA,negative_association,30,noted,0.0,0.010374683104369058,-0.010374683104369058
Lateral OA,negative_association,31,complete tear,0.0,0.010329271574932285,-0.010329271574932285
Lateral OA,negative_association,32,diz,0.0,0.010273618793916384,-0.010273618793916384
Lateral OA,negative_association,33,suprapatellar,0.003070468767246005,0.01316754752215242,-0.010097078754906416
Lateral OA,negative_association,34,sıvı,0.0,0.009947005757630394,-0.009947005757630394
Lateral OA,negative_association,35,мр данни за,0.0,0.009925370022314597,-0.009925370022314597
Lateral OA,negative_association,36,мр данни,0.0,0.009925370022314597,-0.009925370022314597
Lateral OA,negative_association,37,interno,0.0,0.009709914146351448,-0.009709914146351448
Lateral OA,negative_association,38,menisco interno,0.0,0.009709914146351448,-0.009709914146351448
Lateral OA,negative_association,39,no evidence,0.0,0.009504438504662368,-0.009504438504662368
Lateral OA,negative_association,40,no evidence of,0.0,0.009504438504662368,-0.009504438504662368
PF OA,positive_association,1,de,0.05599431747172334,0.02017232847940658,0.03582198899231676
PF OA,positive_association,2,oa,0.033873461200402376,0.0014130193707574928,0.03246044182964488
PF OA,positive_association,3,la,0.04246530075090168,0.010951483660806697,0.03151381709009498
PF OA,positive_association,4,de la,0.0406685403939729,0.010280862170513314,0.030387678223459585
PF OA,positive_association,5,oa of,0.02270835336929477,0.0,0.02270835336929477
PF OA,positive_association,6,condropatía,0.023037282276899093,0.0034464464413530797,0.019590835835546015
PF OA,positive_association,7,with synovitis,0.018756581023054338,0.0,0.018756581023054338
PF OA,positive_association,8,de hoffa,0.018149649424787417,0.0,0.018149649424787417
PF OA,positive_association,9,grasa de hoffa,0.018149649424787417,0.0,0.018149649424787417
PF OA,positive_association,10,grasa de,0.018149649424787417,0.0,0.018149649424787417
PF OA,positive_association,11,grasa,0.018149649424787417,0.0,0.018149649424787417
PF OA,positive_association,12,synovitis,0.021975539987033877,0.004721878473668192,0.017253661513365687
PF OA,positive_association,13,effusion with synovitis,0.017220905798362655,0.0,0.017220905798362655
PF OA,positive_association,14,de la banda,0.01668644464587446,0.0,0.01668644464587446
PF OA,positive_association,15,la banda iliotibial,0.01668644464587446,0.0,0.01668644464587446
PF OA,positive_association,16,de la almohadilla,0.01668644464587446,0.0,0.01668644464587446
PF OA,positive_association,17,la banda,0.01668644464587446,0.0,0.01668644464587446
PF OA,positive_association,18,síndrome de,0.01668644464587446,0.0,0.01668644464587446
PF OA,positive_association,19,pinzamiento,0.01668644464587446,0.0,0.01668644464587446
PF OA,positive_association,20,almohadilla,0.01668644464587446,0.0,0.01668644464587446
PF OA,positive_association,21,pinzamiento de,0.01668644464587446,0.0,0.01668644464587446
PF OA,positive_association,22,pinzamiento de la,0.01668644464587446,0.0,0.01668644464587446
PF OA,positive_association,23,la almohadilla,0.01668644464587446,0.0,0.01668644464587446
PF OA,positive_association,24,la almohadilla grasa,0.01668644464587446,0.0,0.01668644464587446
PF OA,positive_association,25,fricción de la,0.01668644464587446,0.0,0.01668644464587446
PF OA,positive_association,26,almohadilla grasa,0.01668644464587446,0.0,0.01668644464587446
PF OA,positive_association,27,síndrome,0.01668644464587446,0.0,0.01668644464587446
PF OA,positive_association,28,almohadilla grasa de,0.01668644464587446,0.0,0.01668644464587446
PF OA,positive_association,29,fricción,0.01668644464587446,0.0,0.01668644464587446
PF OA,positive_association,30,fricción de,0.01668644464587446,0.0,0.01668644464587446
PF OA,positive_association,31,effusion with,0.017622705522002728,0.002043036709559025,0.015579668812443704
PF OA,positive_association,32,hoffa,0.01705246423895067,0.0018315605270077372,0.015220903711942934
PF OA,positive_association,33,rotuliana,0.01705246423895067,0.002168721537685305,0.014883742701265367
PF OA,positive_association,34,uz,0.016475312527213997,0.0026684479638604828,0.013806864563353515
PF OA,positive_association,35,sinovitis,0.0157606977334189,0.002168721537685305,0.013591976195733595
PF OA,positive_association,36,subchondral,0.019828933926027425,0.006264775707475247,0.013564158218552178
PF OA,positive_association,37,condropatía rotuliana,0.015479990442719083,0.00230826085059694,0.013171729592122143
PF OA,positive_association,38,along,0.013441630617822047,0.0008946802927337545,0.012546950325088293
PF OA,positive_association,39,banda,0.01604957125954004,0.0035588315027905836,0.012490739756749457
PF OA,positive_association,40,banda iliotibial,0.01604957125954004,0.0035588315027905836,0.012490739756749457
PF OA,negative_association,1,the,0.026273145766998934,0.046098233125821564,-0.01982508735882263
PF OA,negative_association,2,injury,0.0013408110171793323,0.02078477347139654,-0.019443962454217208
PF OA,negative_association,3,and,0.01834764059915798,0.0376356781905908,-0.01928803759143282
PF OA,negative_association,4,ve,0.006452499495522818,0.025300879792147273,-0.018848380296624456
PF OA,negative_association,5,there,0.00779054412596027,0.023594505319777512,-0.015803961193817242
PF OA,negative_association,6,there is,0.008008679215917094,0.022939997783432142,-0.014931318567515048
PF OA,negative_association,7,contusion,0.0024072943856284527,0.016633891818703155,-0.014226597433074702
PF OA,negative_association,8,to,0.003915368087963131,0.018102716346642185,-0.014187348258679053
PF OA,negative_association,9,grade ii,0.0,0.01376984222749742,-0.01376984222749742
PF OA,negative_association,10,in,0.012240504114855376,0.02593553829998369,-0.013695034185128315
PF OA,negative_association,11,is,0.01844439077119331,0.032051426936957485,-0.013607036165764176
PF OA,negative_association,12,evidence of,0.0014320035392209605,0.014944665732221592,-0.013512662193000631
PF OA,negative_association,13,evidence,0.0014320035392209605,0.014944665732221592,-0.013512662193000631
PF OA,negative_association,14,plateau,0.006809779455043529,0.020052169325431433,-0.013242389870387904
PF OA,negative_association,15,tear of,0.005793172810240344,0.018960536375689323,-0.01316736356544898
PF OA,negative_association,16,complete tear,0.0,0.013120966595184257,-0.013120966595184257
PF OA,negative_association,17,diz,0.0,0.013050272522001895,-0.013050272522001895
PF OA,negative_association,18,of,0.030604165156784546,0.04361891640734278,-0.013014751250558232
PF OA,negative_association,19,tear of the,0.00385475495965379,0.016713568192021033,-0.012858813232367242
PF OA,negative_association,20,tibial plateau,0.006809779455043529,0.019267451460096497,-0.012457672005052968
PF OA,negative_association,21,partial tear,0.0,0.012377266040119288,-0.012377266040119288
PF OA,negative_association,22,in the,0.006451392225119938,0.018717411763669225,-0.012266019538549288
PF OA,negative_association,23,complete,0.0034973476685773077,0.015704494951801727,-0.01220714728322442
PF OA,negative_association,24,intact,0.01096622176380217,0.023169947317823094,-0.012203725554020923
PF OA,negative_association,25,no evidence of,0.0,0.012073205668084633,-0.012073205668084633
PF OA,negative_association,26,no evidence,0.0,0.012073205668084633,-0.012073205668084633
PF OA,negative_association,27,normal,0.02477117326552226,0.036843867480688915,-0.012072694215166654
PF OA,negative_association,28,aspect,0.001486374430046017,0.013532353504492143,-0.012045979074446126
PF OA,negative_association,29,ligament,0.01816140447754482,0.03020164346158563,-0.012040238984040812
PF OA,negative_association,30,ii,0.0027325597402518844,0.014704028630816032,-0.011971468890564147
PF OA,negative_association,31,mid substance,0.0,0.011883039899692747,-0.011883039899692747
PF OA,negative_association,32,substance,0.0,0.011883039899692747,-0.011883039899692747
PF OA,negative_association,33,posterolateral,0.0043713832993770305,0.016138061755126158,-0.011766678455749129
PF OA,negative_association,34,tear,0.02153613594292619,0.03328287117243164,-0.011746735229505447
PF OA,negative_association,35,bone contusion,0.0024839827858610963,0.014136198749793546,-0.01165221596393245
PF OA,negative_association,36,grade,0.011626836155628399,0.023252299460801013,-0.011625463305172614
PF OA,negative_association,37,sprain,0.0027231576618504468,0.014313027286081983,-0.011589869624231537
PF OA,negative_association,38,mid,0.0014320035392209605,0.012968588940395563,-0.011536585401174602
PF OA,negative_association,39,lateral tibial plateau,0.0028417714824850206,0.01435918251250111,-0.01151741103001609
PF OA,negative_association,40,hafif,0.0,0.011356532298275135,-0.011356532298275135
Effusion,positive_association,1,ve,0.026746644351698545,0.005891412582868659,0.020855231768829887
Effusion,positive_association,2,του,0.01787548329682394,0.0,0.01787548329682394
Effusion,positive_association,3,oa,0.019901757655761437,0.0029157775641229008,0.016985980091638535
Effusion,positive_association,4,και,0.01579836978101631,0.0,0.01579836978101631
Effusion,positive_association,5,of medial,0.0177396019419651,0.002275832858635992,0.015463769083329108
Effusion,positive_association,6,έσω,0.014109521938906782,0.0,0.014109521938906782
Effusion,positive_association,7,van,0.013985670889179026,0.0,0.013985670889179026
Effusion,positive_association,8,diz,0.013796002380402,0.0,0.013796002380402
Effusion,positive_association,9,oa of,0.013625012021576862,0.0,0.013625012021576862
Effusion,positive_association,10,met,0.013619892174441702,0.0,0.013619892174441702
Effusion,positive_association,11,menisco interno,0.01303902756795766,0.0,0.01303902756795766
Effusion,positive_association,12,interno,0.01303902756795766,0.0,0.01303902756795766
Effusion,positive_association,13,effusion with,0.012733404977592608,0.0,0.012733404977592608
Effusion,positive_association,14,με,0.012473501686833007,0.0,0.012473501686833007
Effusion,positive_association,15,en,0.014365044556090095,0.0019522239212817452,0.01241282063480835
Effusion,positive_association,16,radial,0.012160733679053454,0.0,0.012160733679053454
Effusion,positive_association,17,στο,0.012017055507118561,0.0,0.012017055507118561
Effusion,positive_association,18,hafif,0.01200547700103371,0.0,0.01200547700103371
Effusion,positive_association,19,dejenerasyon,0.011756376861237228,0.0,0.011756376861237228
Effusion,positive_association,20,grade,0.023564014537574767,0.012163396978378996,0.011400617559195771
Effusion,positive_association,21,with synovitis,0.011253948613832603,0.0,0.011253948613832603
Effusion,positive_association,22,t2,0.010974727476244214,0.0,0.010974727476244214
Effusion,positive_association,23,παρατηρείται,0.01074464612135441,0.0,0.01074464612135441
Effusion,positive_association,24,effusion with synovitis,0.01033254347901759,0.0,0.01033254347901759
Effusion,positive_association,25,çapraz,0.015206258346772568,0.0049871230345357774,0.01021913531223679
Effusion,positive_association,26,van de,0.01013011162235413,0.0,0.01013011162235413
Effusion,positive_association,27,kemik,0.013182528282944696,0.0031089140071254005,0.010073614275819296
Effusion,positive_association,28,t2 fs,0.009850037603654677,0.0,0.009850037603654677
Effusion,positive_association,29,της,0.009813894693838053,0.0,0.009813894693838053
Effusion,positive_association,30,condyl,0.009785043297630358,0.0,0.009785043297630358
Effusion,positive_association,31,menisküste,0.009593110242224716,0.0,0.009593110242224716
Effusion,positive_association,32,menisküste grade,0.009593110242224716,0.0,0.009593110242224716
Effusion,positive_association,33,het,0.009531111533063314,0.0,0.009531111533063314
Effusion,positive_association,34,menisküs,0.014482462892003415,0.0049871230345357774,0.009495339857467637
Effusion,positive_association,35,retinaculum,0.009469714907404095,0.0,0.009469714907404095
Effusion,positive_association,36,στον,0.00946229502574459,0.0,0.00946229502574459
Effusion,positive_association,37,medial tibial,0.010743555039190557,0.0012962995260199757,0.00944725551317058
Effusion,positive_association,38,medial tibial plateau,0.010743555039190557,0.0012962995260199757,0.00944725551317058
Effusion,positive_association,39,fs,0.013805569099036063,0.00444544130105377,0.009360127797982292
Effusion,positive_association,40,ödem,0.009344989719992055,0.0,0.009344989719992055
Effusion,negative_association,1,no evidence of,0.0,0.01942211346604919,-0.01942211346604919
Effusion,negative_association,2,no evidence,0.0,0.01942211346604919,-0.01942211346604919
Effusion,negative_association,3,is,0.01950677391838918,0.03871730068342892,-0.019210526765039742
Effusion,negative_association,4,condropatía rotuliana,0.0,0.017847193511703805,-0.017847193511703805
Effusion,negative_association,5,no,0.018192157989425882,0.03557405224048097,-0.01738189425105509
Effusion,negative_association,6,normal,0.026219008097769624,0.04198923704084871,-0.015770228943079088
Effusion,negative_association,7,rotuliana,0.0015049634267780458,0.01676829243369951,-0.015263329006921466
Effusion,negative_association,8,la banda,0.0,0.01523544945927668,-0.01523544945927668
Effusion,negative_association,9,de la banda,0.0,0.01523544945927668,-0.01523544945927668
Effusion,negative_association,10,de la almohadilla,0.0,0.01523544945927668,-0.01523544945927668
Effusion,negative_association,11,síndrome,0.0,0.01523544945927668,-0.01523544945927668
Effusion,negative_association,12,la almohadilla grasa,0.0,0.01523544945927668,-0.01523544945927668
Effusion,negative_association,13,fricción,0.0,0.01523544945927668,-0.01523544945927668
Effusion,negative_association,14,la almohadilla,0.0,0.01523544945927668,-0.01523544945927668
Effusion,negative_association,15,almohadilla,0.0,0.01523544945927668,-0.01523544945927668
Effusion,negative_association,16,almohadilla grasa,0.0,0.01523544945927668,-0.01523544945927668
Effusion,negative_association,17,fricción de la,0.0,0.01523544945927668,-0.01523544945927668
Effusion,negative_association,18,la banda iliotibial,0.0,0.01523544945927668,-0.01523544945927668
Effusion,negative_association,19,síndrome de,0.0,0.01523544945927668,-0.01523544945927668
Effusion,negative_association,20,fricción de,0.0,0.01523544945927668,-0.01523544945927668
Effusion,negative_association,21,pinzamiento de,0.0,0.01523544945927668,-0.01523544945927668
Effusion,negative_association,22,pinzamiento de la,0.0,0.01523544945927668,-0.01523544945927668
Effusion,negative_association,23,pinzamiento,0.0,0.01523544945927668,-0.01523544945927668
Effusion,negative_association,24,almohadilla grasa de,0.0,0.01523544945927668,-0.01523544945927668
Effusion,negative_association,25,banda,0.002283813857639221,0.016903664218966073,-0.014619850361326852
Effusion,negative_association,26,banda iliotibial,0.002283813857639221,0.016903664218966073,-0.014619850361326852
Effusion,negative_association,27,is normal,0.004175338972314628,0.018360032495177085,-0.014184693522862456
Effusion,negative_association,28,contusion,0.005896465634204959,0.01998395139969742,-0.014087485765492461
Effusion,negative_association,29,condropatía,0.005105581713960699,0.018808960267666104,-0.013703378553705405
Effusion,negative_association,30,normal extensor,0.0008464935311655039,0.01418990663941262,-0.013343413108247116
Effusion,negative_association,31,normal extensor mechanism,0.0008464935311655039,0.01418990663941262,-0.013343413108247116
Effusion,negative_association,32,normal no,0.0010632478545021138,0.014254671483543565,-0.013191423629041452
Effusion,negative_association,33,mit,0.00439931125853376,0.017499675613275784,-0.013100364354742024
Effusion,negative_association,34,bone,0.012892742363914099,0.025926471985074643,-0.013033729621160544
Effusion,negative_association,35,and,0.02555387049594314,0.03841022079461599,-0.012856350298672853
Effusion,negative_association,36,hvatišta,0.0,0.012794173125217134,-0.012794173125217134
Effusion,negative_association,37,in,0.015925661069287497,0.02866379852549117,-0.012738137456203672
Effusion,negative_association,38,or,0.0072989635540918986,0.020023439881029392,-0.012724476326937493
Effusion,negative_association,39,patellofemoral,0.010054236961263455,0.022742315528618218,-0.012688078567354762
Effusion,negative_association,40,de hoffa,0.0016017953892410019,0.01413390431726525,-0.012532108928024248
Synovitis,positive_association,1,im,0.024098425274969006,0.0,0.024098425274969006
Synovitis,positive_association,2,oa,0.025798574738950013,0.0021633188378976363,0.023635255901052376
Synovitis,positive_association,3,του,0.023171922792179188,0.0,0.023171922792179188
Synovitis,positive_association,4,des,0.022545044120406206,0.0,0.022545044120406206
Synovitis,positive_association,5,mit,0.020609941968667576,0.0,0.020609941968667576
Synovitis,positive_association,6,και,0.020479368234650772,0.0,0.020479368234650772
Synovitis,positive_association,7,έσω,0.0182901210319162,0.0,0.0182901210319162
Synovitis,positive_association,8,van,0.0181295733748617,0.0,0.0181295733748617
Synovitis,positive_association,9,oa of,0.0176620526205626,0.0,0.0176620526205626
Synovitis,positive_association,10,met,0.017655415781683687,0.0,0.017655415781683687
Synovitis,positive_association,11,effusion with,0.01650626571169412,0.0,0.01650626571169412
Synovitis,positive_association,12,der,0.016279865995941747,0.0,0.016279865995941747
Synovitis,positive_association,13,με,0.01616935403848723,0.0,0.01616935403848723
Synovitis,positive_association,14,intermedia,0.015902677313365567,0.0,0.015902677313365567
Synovitis,positive_association,15,vkb,0.015902677313365567,0.0,0.015902677313365567
Synovitis,positive_association,16,innenmeniskus,0.015902677313365567,0.0,0.015902677313365567
Synovitis,positive_association,17,pars,0.015902677313365567,0.0,0.015902677313365567
Synovitis,positive_association,18,pars intermedia,0.015902677313365567,0.0,0.015902677313365567
Synovitis,positive_association,19,στο,0.015577664546264802,0.0,0.015577664546264802
Synovitis,positive_association,20,tibiaplateau,0.01554710768513253,0.0,0.01554710768513253
Synovitis,positive_association,21,an,0.015001455770928793,0.0,0.015001455770928793
Synovitis,positive_association,22,with synovitis,0.01458845190682004,0.0,0.01458845190682004
Synovitis,positive_association,23,παρατηρείται,0.013928244972126087,0.0,0.013928244972126087
Synovitis,positive_association,24,die,0.013876026960803634,0.0,0.013876026960803634
Synovitis,positive_association,25,effusion with synovitis,0.013394037843170952,0.0,0.013394037843170952
Synovitis,positive_association,26,van de,0.013131626177125722,0.0,0.013131626177125722
Synovitis,positive_association,27,της,0.012721715343864142,0.0,0.012721715343864142
Synovitis,positive_association,28,condyl,0.01268431538581713,0.0,0.01268431538581713
Synovitis,positive_association,29,het,0.01235514457989689,0.0,0.01235514457989689
Synovitis,positive_association,30,στον,0.012265937996335578,0.0,0.012265937996335578
Synovitis,positive_association,31,innenmeniskus mit,0.011949790023215917,0.0,0.011949790023215917
Synovitis,positive_association,32,cc,0.011949790023215917,0.0,0.011949790023215917
Synovitis,positive_association,33,cc cm,0.011949790023215917,0.0,0.011949790023215917
Synovitis,positive_association,34,geringer gelenkerguss,0.011949790023215917,0.0,0.011949790023215917
Synovitis,positive_association,35,medialen,0.011949790023215917,0.0,0.011949790023215917
Synovitis,positive_association,36,im medialen,0.011949790023215917,0.0,0.011949790023215917
Synovitis,positive_association,37,bis,0.011949790023215917,0.0,0.011949790023215917
Synovitis,positive_association,38,baker-zyste,0.011949790023215917,0.0,0.011949790023215917
Synovitis,positive_association,39,geringer,0.011949790023215917,0.0,0.011949790023215917
Synovitis,positive_association,40,gelenkerguss,0.011949790023215917,0.0,0.011949790023215917
Synovitis,negative_association,1,normal,0.021579809539210376,0.04196009283234765,-0.02038028329313727
Synovitis,negative_association,2,and,0.019947596413532786,0.03997533685383201,-0.020027740440299226
Synovitis,negative_association,3,posterolateral,0.0017394072876928935,0.020707849595447653,-0.01896844230775476
Synovitis,negative_association,4,del,0.009299768610826507,0.02700904624210236,-0.017709277631275853
Synovitis,negative_association,5,to,0.003636910891925999,0.02109118195454789,-0.01745427106262189
Synovitis,negative_association,6,evidence,0.0011137805305051914,0.01783718168039351,-0.01672340114988832
Synovitis,negative_association,7,evidence of,0.0011137805305051914,0.01783718168039351,-0.01672340114988832
Synovitis,negative_association,8,is,0.018253028207921785,0.0348517174596322,-0.016598689251710413
Synovitis,negative_association,9,no,0.0163333137148928,0.03270739551157621,-0.016374081796683412
Synovitis,negative_association,10,patellofemoral,0.006437934123022635,0.022617655789704157,-0.016179721666681524
Synovitis,negative_association,11,complete tear,0.0,0.01566050851683282,-0.01566050851683282
Synovitis,negative_association,12,the,0.030924339876231638,0.04588430677755231,-0.014959966901320669
Synovitis,negative_association,13,in,0.013054133852326451,0.027877544822533715,-0.014823410970207264
Synovitis,negative_association,14,articular,0.006569439720663015,0.021330473427099095,-0.01476103370643608
Synovitis,negative_association,15,no evidence of,0.0,0.014409955152230043,-0.014409955152230043
Synovitis,negative_association,16,no evidence,0.0,0.014409955152230043,-0.014409955152230043
Synovitis,negative_association,17,injury,0.0061158213543258625,0.0203892410721174,-0.014273419717791539
Synovitis,negative_association,18,lateral femoral,0.0,0.014212568872131745,-0.014212568872131745
Synovitis,negative_association,19,rotura,0.006043196680830475,0.01998937877821847,-0.013946182097387995
Synovitis,negative_association,20,or,0.005049859574636605,0.01869860106908723,-0.013648741494450625
Synovitis,negative_association,21,contusion,0.004262349792106362,0.017771733387204593,-0.013509383595098231
Synovitis,negative_association,22,mild,0.009755324480367242,0.023116715576623807,-0.013361391096256565
Synovitis,negative_association,23,complete tear of,0.0,0.013308034268345075,-0.013308034268345075
Synovitis,negative_association,24,bone contusion,0.0030400927453891335,0.015907112519997987,-0.012867019774608853
Synovitis,negative_association,25,be,0.0,0.012842159565064373,-0.012842159565064373
Synovitis,negative_association,26,to be,0.0,0.012842159565064373,-0.012842159565064373
Synovitis,negative_association,27,tear of,0.007485130748914201,0.020035417570802214,-0.012550286821888013
Synovitis,negative_association,28,appears,0.0013230717472281221,0.013776772203963537,-0.012453700456735415
Synovitis,negative_association,29,tears,0.0,0.012385123570958364,-0.012385123570958364
Synovitis,negative_association,30,knee,0.015702050129473785,0.028064436298290477,-0.012362386168816693
Synovitis,negative_association,31,pcl,0.004956390340844312,0.01717502898235291,-0.012218638641508597
Synovitis,negative_association,32,condyle,0.0021028479200625476,0.01427409795496128,-0.012171250034898731
Synovitis,negative_association,33,normal no,0.0,0.011776487710615353,-0.011776487710615353
Synovitis,negative_association,34,of,0.0326384037874639,0.044366144293633294,-0.011727740506169392
Synovitis,negative_association,35,within normal,0.0,0.011711426314534434,-0.011711426314534434
Synovitis,negative_association,36,plateau,0.009161445752110057,0.020566987041609856,-0.011405541289499799
Synovitis,negative_association,37,there,0.01183487350136088,0.02313085609484484,-0.011295982593483958
Synovitis,negative_association,38,lateral femoral condyle,0.0,0.01121360473147954,-0.01121360473147954
Synovitis,negative_association,39,is normal,0.003868753194114244,0.014966492747709687,-0.011097739553595443
Synovitis,negative_association,40,lateral menisci,0.0,0.010977144031182714,-0.010977144031182714
Baker's,positive_association,1,mit,0.03354104492544525,0.0033473020445365562,0.030193742880908692
Baker's,positive_association,2,condyl,0.022529040148330765,0.0015680007312411587,0.020961039417089607
Baker's,positive_association,3,plica,0.022258595932684092,0.0013443943947385707,0.020914201537945522
Baker's,positive_association,4,present,0.025213361068149875,0.004748037240160691,0.020465323827989185
Baker's,positive_association,5,der,0.023798373986812133,0.0033473020445365562,0.020451071942275578
Baker's,positive_association,6,promjena,0.02032958184869616,0.0,0.02032958184869616
Baker's,positive_association,7,intenziteta signala,0.022846942917980766,0.0030250456572170426,0.019821897260763725
Baker's,positive_association,8,intenziteta,0.022846942917980766,0.0030250456572170426,0.019821897260763725
Baker's,positive_association,9,mm,0.024600098158879945,0.00537214315907742,0.019227954999802524
Baker's,positive_association,10,epikondil,0.01733320831221006,0.0,0.01733320831221006
Baker's,positive_association,11,patelarni,0.018432769690176348,0.0012676749802976465,0.017165094709878703
Baker's,positive_association,12,met,0.021636543112162735,0.004718645842597974,0.01691789726956476
Baker's,positive_association,13,des,0.023798373986812133,0.007024689204548305,0.016773684782263827
Baker's,positive_association,14,su,0.01927480580646035,0.0028509693158904515,0.016423836490569898
Baker's,positive_association,15,cyst,0.024967745541635812,0.008732744490774482,0.016235001050861328
Baker's,positive_association,16,die,0.019317459570887045,0.003105287241109862,0.01621217232977718
Baker's,positive_association,17,significant,0.017524392603466638,0.0013589939227083086,0.01616539868075833
Baker's,positive_association,18,kompartmenta,0.016032370838857675,0.0,0.016032370838857675
Baker's,positive_association,19,large,0.01751758254542934,0.0015591637598084244,0.015958418785620918
Baker's,positive_association,20,all,0.01751758254542934,0.0015719418392780642,0.015945640706151277
Baker's,positive_association,21,subchondral bone marrow,0.01591890143343405,0.0,0.01591890143343405
Baker's,positive_association,22,održanog,0.018005815850205817,0.0021463603187573447,0.015859455531448474
Baker's,positive_association,23,održanog kontinuiteta,0.018005815850205817,0.0021463603187573447,0.015859455531448474
Baker's,positive_association,24,baker,0.018382902086759877,0.002539516259680291,0.015843385827079587
Baker's,positive_association,25,van,0.020839471255864175,0.00520488752284556,0.015634583733018615
Baker's,positive_association,26,te,0.019509459749842833,0.003924676708091625,0.015584783041751208
Baker's,positive_association,27,kontinuiteta,0.018005815850205817,0.002660358291689745,0.015345457558516072
Baker's,positive_association,28,three,0.017365884687062204,0.0023122606592746128,0.015053624027787591
Baker's,positive_association,29,meniscus tear,0.02290394815635576,0.008088368323960867,0.014815579832394891
Baker's,positive_association,30,degenerativno,0.01652846390367599,0.0017184107096985975,0.014810053193977392
Baker's,positive_association,31,signala,0.021465796278474267,0.006694916857660017,0.014770879420814249
Baker's,positive_association,32,femura,0.017719612843601414,0.0036311373411142063,0.014088475502487208
Baker's,positive_association,33,thinning,0.014767941720231692,0.0007929777132634713,0.01397496400696822
Baker's,positive_association,34,tibiaplateau,0.018149677760168913,0.004390777703838071,0.013758900056330842
Baker's,positive_association,35,im,0.022077716954473504,0.008385323455880023,0.013692393498593481
Baker's,positive_association,36,na,0.014793987033224397,0.0013664729617223928,0.013427514071502004
Baker's,positive_association,37,no significant,0.013338317974128483,0.0,0.013338317974128483
Baker's,positive_association,38,zgloba,0.014873207122705132,0.0017184107096985975,0.013154796413006535
Baker's,positive_association,39,ruptura,0.014873207122705132,0.0017184107096985975,0.013154796413006535
Baker's,positive_association,40,латералния,0.014402870481137465,0.0016572320782034036,0.012745638402934061
Baker's,negative_association,1,de,0.010197513121782688,0.03912797093875741,-0.028930457816974724
Baker's,negative_association,2,la,0.0,0.028195135026495278,-0.028195135026495278
Baker's,negative_association,3,de la,0.0,0.026835461925704858,-0.026835461925704858
Baker's,negative_association,4,del,0.0,0.02366030839124976,-0.02366030839124976
Baker's,negative_association,5,menisco,0.0,0.01835662769578096,-0.01835662769578096
Baker's,negative_association,6,rotura,0.0,0.01701819679363468,-0.01701819679363468
Baker's,negative_association,7,derrame,0.0,0.016029796849525185,-0.016029796849525185
Baker's,negative_association,8,con,0.0,0.015218333743697052,-0.015218333743697052
Baker's,negative_association,9,lateral,0.02450469714528745,0.039276691237185246,-0.014771994091897795
Baker's,negative_association,10,contusion,0.0,0.014478416943265527,-0.014478416943265527
Baker's,negative_association,11,complete,0.0,0.014228491614277985,-0.014228491614277985
Baker's,negative_association,12,the,0.02812921502752265,0.041735219705045734,-0.013606004677523084
Baker's,negative_association,13,sin,0.0,0.013408990543719862,-0.013408990543719862
Baker's,negative_association,14,right,0.0,0.013319583735472536,-0.013319583735472536
Baker's,negative_association,15,condropatía,0.0,0.013289161872716193,-0.013289161872716193
Baker's,negative_association,16,fs,0.0,0.012726958008489105,-0.012726958008489105
Baker's,negative_association,17,señal,0.0,0.012586470238994235,-0.012586470238994235
Baker's,negative_association,18,tear of,0.004213940565114301,0.01679628669856914,-0.012582346133454839
Baker's,negative_association,19,bone contusion,0.0,0.01250441287490096,-0.01250441287490096
Baker's,negative_association,20,posterior,0.014034955162749347,0.026350040373206172,-0.012315085210456825
Baker's,negative_association,21,right knee,0.0,0.012267320023181979,-0.012267320023181979
Baker's,negative_association,22,impresión,0.0,0.01183785368188398,-0.01183785368188398
Baker's,negative_association,23,plateau,0.005945411197752034,0.01768675433095332,-0.011741343133201285
Baker's,negative_association,24,de señal,0.0,0.011728614296603964,-0.011728614296603964
Baker's,negative_association,25,posterior horn of,0.002723202859132085,0.013978650349749652,-0.011255447490617566
Baker's,negative_association,26,tibial plateau,0.005945411197752034,0.017055568221879563,-0.011110157024127529
Baker's,negative_association,27,grade ii,0.0,0.011075742661247926,-0.011075742661247926
Baker's,negative_association,28,femoral,0.009045872646035825,0.019934207231701237,-0.010888334585665412
Baker's,negative_association,29,medial,0.028061198395525292,0.038758559973443706,-0.010697361577918413
Baker's,negative_association,30,osteochondral,0.0,0.010601248229597895,-0.010601248229597895
Baker's,negative_association,31,noted,0.0,0.010600219693594471,-0.010600219693594471
Baker's,negative_association,32,parcial,0.0,0.010559714610651747,-0.010559714610651747
Baker's,negative_association,33,complete tear,0.0,0.010553820956996033,-0.010553820956996033
Baker's,negative_association,34,diz,0.0,0.010496958332914566,-0.010496958332914566
Baker's,negative_association,35,cuerno,0.0,0.010443434378377794,-0.010443434378377794
Baker's,negative_association,36,leve,0.0,0.01042177137267737,-0.01042177137267737
Baker's,negative_association,37,in,0.01278563057483495,0.02311386818724652,-0.01032823761241157
Baker's,negative_association,38,focal,0.0022690700633537743,0.012529593487371808,-0.010260523424018033
Baker's,negative_association,39,to,0.004856676879192486,0.015081372002666883,-0.010224695123474396
Baker's,negative_association,40,banda iliotibial,0.0,0.010189516566382444,-0.010189516566382444
Contusion,positive_association,1,contusion,0.02542350682763348,0.004691296145260977,0.020732210682372503
Contusion,positive_association,2,на,0.027572513251054677,0.007069939912731242,0.020502573338323435
Contusion,positive_association,3,του,0.023752144439880853,0.004470542846951329,0.019281601592929524
Contusion,positive_association,4,grade,0.031677434825870855,0.012887881477597117,0.018789553348273737
Contusion,positive_association,5,στο,0.0197042990591399,0.0011850066827049125,0.018519292376434987
Contusion,positive_association,6,bone contusion,0.02199381921207945,0.004033857108100887,0.01795996210397856
Contusion,positive_association,7,και,0.021325388169250017,0.0037887324902518096,0.017536655678998207
Contusion,positive_association,8,retinaculum,0.017444211671533857,0.0,0.017444211671533857
Contusion,positive_association,9,mit,0.02118381784764963,0.003948099847402092,0.01723571800024754
Contusion,positive_association,10,mild,0.028463280575749043,0.011261784946308251,0.017201495629440792
Contusion,positive_association,11,and,0.04143140561835815,0.025400611253471095,0.016030794364887052
Contusion,positive_association,12,έσω,0.01920059875724625,0.0033082536275399646,0.015892345129706286
Contusion,positive_association,13,връзка,0.015735950955973955,0.0,0.015735950955973955
Contusion,positive_association,14,of femoral,0.015308166822581713,0.0,0.015308166822581713
Contusion,positive_association,15,femur,0.019566200222351515,0.004599475283768518,0.014966724938582997
Contusion,positive_association,16,menisci,0.01718092879471545,0.002379715197092228,0.014801213597623222
Contusion,positive_association,17,suspect,0.01456492058880587,0.0,0.01456492058880587
Contusion,positive_association,18,attachment,0.014490238393241987,0.0,0.014490238393241987
Contusion,positive_association,19,femoral attachment,0.014490238393241987,0.0,0.014490238393241987
Contusion,positive_association,20,мр,0.018741211302773612,0.004366545049160305,0.014374666253613309
Contusion,positive_association,21,кръстна връзка,0.014109125163739387,0.0,0.014109125163739387
Contusion,positive_association,22,костно-мозъчен,0.014109125163739387,0.0,0.014109125163739387
Contusion,positive_association,23,костно-мозъчен едем,0.014109125163739387,0.0,0.014109125163739387
Contusion,positive_association,24,кръстна,0.014109125163739387,0.0,0.014109125163739387
Contusion,positive_association,25,aspect,0.01862751982783354,0.0045637965632907285,0.014063723264542811
Contusion,positive_association,26,мр данни за,0.017321013159688325,0.003522901051659178,0.013798112108029146
Contusion,positive_association,27,мр данни,0.017321013159688325,0.003522901051659178,0.013798112108029146
Contusion,positive_association,28,to,0.02208538819907678,0.008523098945910966,0.013562289253165815
Contusion,positive_association,29,за,0.01791063644876508,0.004366545049160305,0.013544091399604778
Contusion,positive_association,30,medial retinaculum,0.013324170056926973,0.0,0.013324170056926973
Contusion,positive_association,31,aspect of,0.016294451659835736,0.00317004513197082,0.013124406527864917
Contusion,positive_association,32,латералния,0.013108795861631902,0.0,0.013108795861631902
Contusion,positive_association,33,данни,0.017321013159688325,0.004366545049160305,0.012954468110528021
Contusion,positive_association,34,данни за,0.017321013159688325,0.004366545049160305,0.012954468110528021
Contusion,positive_association,35,evidence of,0.018756040798535066,0.005811793108812123,0.012944247689722943
Contusion,positive_association,36,evidence,0.018756040798535066,0.005811793108812123,0.012944247689722943
Contusion,positive_association,37,με,0.01618687724026824,0.0033082536275399646,0.012878623612728277
Contusion,positive_association,38,of right,0.015899678140860452,0.003055261065163098,0.012844417075697355
Contusion,positive_association,39,of right knee,0.015899678140860452,0.003055261065163098,0.012844417075697355
Contusion,positive_association,40,proximal tibia,0.01267606205844506,0.0,0.01267606205844506
Contusion,negative_association,1,de,0.0072140166372914195,0.04577411550091529,-0.038560098863623875
Contusion,negative_association,2,la,0.0,0.033255800287661105,-0.033255800287661105
Contusion,negative_association,3,de la,0.0,0.03165208329698522,-0.03165208329698522
Contusion,negative_association,4,del,0.0,0.027907030410192026,-0.027907030410192026
Contusion,negative_association,5,menisco,0.0,0.02165140702579293,-0.02165140702579293
Contusion,negative_association,6,rotura,0.0,0.020072744936081934,-0.020072744936081934
Contusion,negative_association,7,oa,0.0,0.019580112869909672,-0.019580112869909672
Contusion,negative_association,8,derrame,0.0,0.018906939873798937,-0.018906939873798937
Contusion,negative_association,9,con,0.0,0.017949829543847808,-0.017949829543847808
Contusion,negative_association,10,sin,0.0,0.0158157324361824,-0.0158157324361824
Contusion,negative_association,11,condropatía,0.0,0.015674396054998586,-0.015674396054998586
Contusion,negative_association,12,señal,0.0,0.014845580281890636,-0.014845580281890636
Contusion,negative_association,13,impresión,0.0,0.013962596650427258,-0.013962596650427258
Contusion,negative_association,14,de señal,0.0,0.01383375019599442,-0.01383375019599442
Contusion,negative_association,15,compartment,0.007322192573289343,0.019981336617717522,-0.012659144044428179
Contusion,negative_association,16,parcial,0.0,0.012455048002307189,-0.012455048002307189
Contusion,negative_association,17,cuerno,0.0,0.012317896959112269,-0.012317896959112269
Contusion,negative_association,18,leve,0.0,0.012292345721619463,-0.012292345721619463
Contusion,negative_association,19,oa of,0.0,0.012227574891158723,-0.012227574891158723
Contusion,negative_association,20,banda,0.0,0.012018404155220319,-0.012018404155220319
Contusion,negative_association,21,banda iliotibial,0.0,0.012018404155220319,-0.012018404155220319
Contusion,negative_association,22,rodilla,0.0,0.011948244300371358,-0.011948244300371358
Contusion,negative_association,23,menisco interno,0.0,0.01170169140714149,-0.01170169140714149
Contusion,negative_association,24,interno,0.0,0.01170169140714149,-0.01170169140714149
Contusion,negative_association,25,signos,0.0,0.011613647878759115,-0.011613647878759115
Contusion,negative_association,26,signos de,0.0,0.011613647878759115,-0.011613647878759115
Contusion,negative_association,27,del menisco,0.0,0.011521412378438602,-0.011521412378438602
Contusion,negative_association,28,derrame articular,0.0,0.011346759050679469,-0.011346759050679469
Contusion,negative_association,29,rotuliana,0.0,0.011239601177238982,-0.011239601177238982
Contusion,negative_association,30,el,0.0,0.011013886166382872,-0.011013886166382872
Contusion,negative_association,31,menisküs,0.0033484409191904597,0.014306914193585223,-0.010958473274394764
Contusion,negative_association,32,medial compartment,0.0032214822115023876,0.014024350232238025,-0.010802868020735637
Contusion,negative_association,33,técnica rmn de,0.0,0.010649330088904327,-0.010649330088904327
Contusion,negative_association,34,resultados,0.0,0.010649330088904327,-0.010649330088904327
Contusion,negative_association,35,rodilla resultados,0.0,0.010649330088904327,-0.010649330088904327
Contusion,negative_association,36,de la rodilla,0.0,0.010649330088904327,-0.010649330088904327
Contusion,negative_association,37,rmn de la,0.0,0.010649330088904327,-0.010649330088904327
Contusion,negative_association,38,rmn de,0.0,0.010649330088904327,-0.010649330088904327
Contusion,negative_association,39,la rodilla resultados,0.0,0.010649330088904327,-0.010649330088904327
Contusion,negative_association,40,técnica,0.0,0.010649330088904327,-0.010649330088904327
Fracture,positive_association,1,ve,0.04440537626357882,0.006808456724275234,0.03759691953930359
Fracture,positive_association,2,çapraz,0.02956772456316888,0.002867595744858072,0.026700128818310808
Fracture,positive_association,3,kemik,0.025632693883503574,0.0017876255540971054,0.023845068329406468
Fracture,positive_association,4,на,0.029886914503589056,0.006541023682548857,0.0233458908210402
Fracture,positive_association,5,fracture,0.027258911419503963,0.006406206434212085,0.02085270498529188
Fracture,positive_association,6,diz,0.022114695839685186,0.0021198889549934167,0.019994806884691768
Fracture,positive_association,7,mit,0.022360696616963497,0.00384939735121704,0.018511299265746458
Fracture,positive_association,8,menisküs,0.023449480167799047,0.004987484699851489,0.018461995467947558
Fracture,positive_association,9,без,0.018334148170583285,0.0,0.018334148170583285
Fracture,positive_association,10,ödem,0.018170813344428997,0.0,0.018170813344428997
Fracture,positive_association,11,eklemi,0.01812080839842633,0.0,0.01812080839842633
Fracture,positive_association,12,diz eklemi,0.01812080839842633,0.0,0.01812080839842633
Fracture,positive_association,13,arka,0.019664791102698524,0.0016936482414421417,0.01797114286125638
Fracture,positive_association,14,artışı,0.022443064709168604,0.004753499274471195,0.017689565434697407
Fracture,positive_association,15,izlendi,0.0170886919908187,0.0,0.0170886919908187
Fracture,positive_association,16,sıvı,0.019600302267461428,0.002867595744858072,0.016732706522603356
Fracture,positive_association,17,fracture of,0.0162215996214611,0.0,0.0162215996214611
Fracture,positive_association,18,hafif,0.01837172183004115,0.00223751755238598,0.016134204277655172
Fracture,positive_association,19,all,0.015695573063996836,0.0,0.015695573063996836
Fracture,positive_association,20,tibia,0.019810103182893148,0.0041321437489524335,0.015677959433940715
Fracture,positive_association,21,large,0.015662917972018867,0.0,0.015662917972018867
Fracture,positive_association,22,dejenerasyon,0.017887360447103547,0.00223751755238598,0.015649842894717568
Fracture,positive_association,23,signal intensity,0.017851031703451935,0.0023133417659013636,0.015537689937550572
Fracture,positive_association,24,мр,0.0197131758368777,0.004288527665153797,0.015424648171723902
Fracture,positive_association,25,данни за фрактура,0.015398566828536141,0.0,0.015398566828536141
Fracture,positive_association,26,за фрактура,0.015398566828536141,0.0,0.015398566828536141
Fracture,positive_association,27,дислокация,0.015398566828536141,0.0,0.015398566828536141
Fracture,positive_association,28,arka çapraz,0.017140415952097223,0.0017876255540971054,0.015352790398000117
Fracture,positive_association,29,ön,0.01529613857825,0.0,0.01529613857825
Fracture,positive_association,30,ön çapraz,0.01529613857825,0.0,0.01529613857825
Fracture,positive_association,31,ve lateral,0.01519424198439023,0.0,0.01519424198439023
Fracture,positive_association,32,ile,0.01899880694532476,0.003992913105772164,0.015005893839552595
Fracture,positive_association,33,iliği,0.016779353253216833,0.0017876255540971054,0.014991727699119727
Fracture,positive_association,34,kemik iliği,0.016779353253216833,0.0017876255540971054,0.014991727699119727
Fracture,positive_association,35,данни,0.018836457935424253,0.0040084566028423365,0.014828001332581917
Fracture,positive_association,36,данни за,0.018836457935424253,0.0040084566028423365,0.014828001332581917
Fracture,positive_association,37,за,0.018836457935424253,0.004288527665153797,0.014547930270270456
Fracture,positive_association,38,favor,0.015834836493672275,0.0013488759032274289,0.014485960590444845
Fracture,positive_association,39,in favor,0.015834836493672275,0.0013488759032274289,0.014485960590444845
Fracture,positive_association,40,favor of,0.015834836493672275,0.0013488759032274289,0.014485960590444845
Fracture,negative_association,1,de,0.010465873254905484,0.043346777551398374,-0.03288090429649289
Fracture,negative_association,2,la,0.005318617608917433,0.030031027356456727,-0.024712409747539292
Fracture,negative_association,3,de la,0.005318617608917433,0.02846740329054774,-0.023148785681630306
Fracture,negative_association,4,con,0.0,0.017501083805251613,-0.017501083805251613
Fracture,negative_association,5,no,0.013619048656747961,0.030244646383487617,-0.016625597726739653
Fracture,negative_association,6,sin,0.0,0.015420339125277842,-0.015420339125277842
Fracture,negative_association,7,condropatía,0.0,0.015282536153623624,-0.015282536153623624
Fracture,negative_association,8,ligament is intact,0.0,0.015197904218359112,-0.015197904218359112
Fracture,negative_association,9,ligament is,0.0,0.015197904218359112,-0.015197904218359112
Fracture,negative_association,10,intact the,0.0,0.014616490360763804,-0.014616490360763804
Fracture,negative_association,11,is intact,0.0026078560937060264,0.017085929714275142,-0.014478073620569116
Fracture,negative_association,12,señal,0.0,0.014474440774843372,-0.014474440774843372
Fracture,negative_association,13,compartment,0.005858473558119975,0.020323531573433033,-0.014465058015313058
Fracture,negative_association,14,ligament,0.016176251217554,0.03019194450477844,-0.014015693287224438
Fracture,negative_association,15,en,0.0,0.013691942741315837,-0.013691942741315837
Fracture,negative_association,16,de señal,0.0,0.013487906441094558,-0.013487906441094558
Fracture,negative_association,17,there is no,0.0,0.013475746551368196,-0.013475746551368196
Fracture,negative_association,18,is no,0.0,0.013475746551368196,-0.013475746551368196
Fracture,negative_association,19,intact,0.009619820239647737,0.02286054858714102,-0.013240728347493284
Fracture,negative_association,20,tear at,0.0015812965611788376,0.01472430197458613,-0.013143005413407292
Fracture,negative_association,21,iliotibial,0.0,0.012845050543783232,-0.012845050543783232
Fracture,negative_association,22,focal,0.0016587513175539282,0.014343315436584445,-0.012684564119030517
Fracture,negative_association,23,van,0.0,0.012237462028031647,-0.012237462028031647
Fracture,negative_association,24,cuerno,0.0,0.012009949535134463,-0.012009949535134463
Fracture,negative_association,25,leve,0.0,0.011985037078578977,-0.011985037078578977
Fracture,negative_association,26,there is,0.009274894503834001,0.021250352011305904,-0.011975457507471903
Fracture,negative_association,27,met,0.0,0.01191740565263649,-0.01191740565263649
Fracture,negative_association,28,banda,0.0,0.01171794405133981,-0.01171794405133981
Fracture,negative_association,29,banda iliotibial,0.0,0.01171794405133981,-0.01171794405133981
Fracture,negative_association,30,signos,0.0,0.011323306681790138,-0.011323306681790138
Fracture,negative_association,31,signos de,0.0,0.011323306681790138,-0.011323306681790138
Fracture,negative_association,32,tear at the,0.0016459596439329241,0.012906828642691081,-0.011260868998758156
Fracture,negative_association,33,del menisco,0.0,0.011233377068977637,-0.011233377068977637
Fracture,negative_association,34,effusion with,0.0,0.011141729355393534,-0.011141729355393534
Fracture,negative_association,35,derrame articular,0.0,0.011063090074412483,-0.011063090074412483
Fracture,negative_association,36,no baker's,0.0,0.0110413197182457,-0.0110413197182457
Fracture,negative_association,37,no baker's cyst,0.0,0.0110413197182457,-0.0110413197182457
Fracture,negative_association,38,mid substance,0.0,0.010991811907215793,-0.010991811907215793
Fracture,negative_association,39,substance,0.0,0.010991811907215793,-0.010991811907215793
Fracture,negative_association,40,rotuliana,0.0,0.01095861114780801,-0.01095861114780801
